{
  "age": {
    "0": 61.47222395833333,
    "1": 59.68847663551402
  },
  "anaemia": {
    "0": 0.3958333333333333,
    "1": 0.4953271028037383
  },
  "creatinine_phosphokinase": {
    "0": 643.3958333333334,
    "1": 471.38317757009344
  },
  "diabetes": {
    "0": 0.3541666666666667,
    "1": 0.5327102803738317
  },
  "ejection_fraction": {
    "0": 36.552083333333336,
    "1": 40.83177570093458
  },
  "high_blood_pressure": {
    "0": 0.3072916666666667,
    "1": 0.42990654205607476
  },
  "platelets": {
    "0": 253473.06500000003,
    "1": 281095.5352336448
  },
  "serum_creatinine": {
    "0": 1.404375,
    "1": 1.3750467289719626
  },
  "serum_sodium": {
    "0": 136.52083333333334,
    "1": 136.81308411214954
  },
  "sex": {
    "0": 1.0,
    "1": 0.018691588785046728
  },
  "smoking": {
    "0": 0.4791666666666667,
    "1": 0.037383177570093455
  },
  "time": {
    "0": 129.33854166666666,
    "1": 131.9158878504673
  }
}